{"id": "asm_migration_directory_vw", "scriptContent": "import sys\nimport os\nimport json\nimport asm_file_path_vw as asm_file_path\n\nsys.path.insert(0,AVX::HELPER)\nsys.path.insert(0,AVX::DEPENDENCIES)\n\navx_path = asm_file_path.return_path()+'/../../'\ndirectory_path = avx_path+'ASM_Backup/'\n\ndef return_directory_path():\n\tif not os.path.exists(directory_path):\n\t\tos.mkdir(directory_path)\n\treturn directory_path\n", "scriptType": "Python", "name": "asm_migration_directory_vw", "description": ""}