{"id": "asm_file_path", "scriptContent": "import os\nimport sys\n# import create_and_send_policyxml\n# import policy\npath = os.path.dirname(os.path.abspath(__file__))\n\ndef return_path():\n    return path\n    \ndef get_policy_send_path():\n    return_path = path + '/../../Python/bin/python2.7 ' + path + \"/create_and_send_policyxml.py\"\n    return return_path\ndef get_policy_path():\n    return_path = path + '/../../Python/bin/python2.7 ' + path + \"/policy.py\"\n    return return_path\ndef get_policy_delete_path():\n    return_path = path + '/../../Python/bin/python2.7 ' + path + \"/asm_policy_deletion.py\"\n    return return_path\n\ndef get_asm_policy_virtual_server_deletion_path():\n    return_path = path + '/../../../Python/bin/python2.7 ' + path + \"/asm_policy_virtual_server_deletion.py\"\n    return return_path\n    \n", "scriptType": "Python", "name": "asm_file_path", "description": "New Helper"}