{"id": "create_and_send_policyxml", "scriptContent": "#!../Python/bin/python\nimport os\nimport sys\nimport paramiko\nimport socket\ninputs = sys.argv\nabs_path = os.path.dirname(os.path.abspath(__file__))\ndecrypt_path = abs_path+\"/../../aps/helper\"\nsys.path.insert(0, decrypt_path)\n\nimport appviewx\nfrom Decrypt_Python3 import getpassword, getencoded\nimport asm_migration_directory\nimport asm_file_path\n\navx_ip = socket.gethostbyname(socket.gethostname())\nhome_directory = asm_migration_directory.return_directory_path()\nconnect_db = appviewx.db_connection()\navx_path = asm_file_path.return_path()+'/../../'\n\ndef get_device_ip(dev_name):\n\tdb = connect_db.appviewx\n\tcollection = db.device\n\ttry :\n\t\tfor val in collection.find({\"name\":dev_name}):\n\t\t\treturn val[\"ip\"]\n\texcept KeyError :\n\t\tpass\n\n\ndef export_policy_from_device_to_avx(device_name,file_name):\n\tglobal policy_name\n\tuname,pwd = getpassword(device_name)\n\tgenerate_asm_xml = \"tmsh save asm policy \"+policy_name+\" xml-file \"+file_name\n\ttry:\n\t\ttrans = paramiko.Transport((get_device_ip(device_name), 22))\n\t\ttrans.connect(username=uname, password=pwd)\n\t\tprint(str(trans))\n\t\tsession = trans.open_channel(\"session\")\n\t\tparamiko.util.log_to_file(\"asm_policy_migration_paramiko.log\")\n\t\tsession.exec_command(generate_asm_xml)\n\t\tsession.recv_exit_status()\n\t\tprint('before while')\n\t\twhile session.recv_ready():\n\t\t\tprint('inside while')\n\t\t\tsftp = paramiko.SFTPClient.from_transport(trans)\n\t\t\tremote_path = \"/var/tmp/\"+file_name\n\t\t\tlocal_path = home_directory+file_name\n\t\t\tsftp.get(remote_path, local_path)\n\t\t\tif session.recv_ready() :\n\t\t\t\ttrans.close()\n\t\t\t\tbreak\n\texcept paramiko.AuthenticationException as e:\n\t\tprint(e)\n\n\ndef import_policy_to_device_from_avx(device_name,file_name):\n\tglobal policy_name\n\tuname,pwd = getpassword(device_name)\n\ttry:\n\t\ttrans1 = paramiko.Transport((get_device_ip(device_name), 22))\n\t\ttrans1.connect(username=uname, password=pwd)\n\t\tsession = trans1.open_channel(\"session\")\n\t\tparamiko.util.log_to_file(\"filename.log\")\n\t\tsftp = paramiko.SFTPClient.from_transport(trans1)\n\t\tremote_path = \"/var/tmp/\"+file_name\n\t\tlocal_path = home_directory+file_name\n\t\tsftp.put(local_path,remote_path)\n\t\tif session.recv_ready() :\n\t\t\ttrans1.close()\n\texcept paramiko.AuthenticationException:\n\t\tsys.exit(1)\n\n\nif __name__ == \"__main__\":\n\tsource_device = inputs[1]\n\tpolicy_name = inputs[2]\n\tdevice_name = inputs[3]\n\tfilename = inputs[4]\n\texport_policy_from_device_to_avx(source_device,filename)\n\timport_policy_to_device_from_avx(device_name,filename)", "scriptType": "Python", "name": "create_and_send_policyxml", "description": ""}